[
  {
    "id": 1,
    "left": 4.545,
    "top": 7.128,
    "name": "آذربایجان شرقی"
  },
  {
    "id": 2,
    "left": 1.455,
    "top": 17.923,
    "name": "آذربایجان غربی"
  },
  {
    "id": 3,
    "left": 20.909,
    "top": 10.183,
    "name": "اردبیل"
  },
  {
    "id": 4,
    "left": 38.182,
    "top": 40.733,
    "name": "اصفهان"
  },
  {
    "id": 5,
    "left": 33.273,
    "top": 23.422,
    "name": "البرز"
  },
  {
    "id": 6,
    "left": 12.727,
    "top": 40.733,
    "name": "ایلام"
  },
  {
    "id": 7,
    "left": 36.364,
    "top": 70.265,
    "name": "بوشهر"
  },
  {
    "id": 8,
    "left": 35.455,
    "top": 26.477,
    "name": "تهران"
  },
  {
    "id": 9,
    "left": 23.455,
    "top": 48.065,
    "name": "چهارمحال و بختیاری"
  },
  {
    "id": 10,
    "left": 64,
    "top": 42.159,
    "name": "خراسان جنوبی"
  },
  {
    "id": 11,
    "left": 67.273,
    "top": 24.44,
    "name": "خراسان رضوی"
  },
  {
    "id": 12,
    "left": 60.364,
    "top": 13.646,
    "name": "خراسان شمالی"
  },
  {
    "id": 13,
    "left": 20.909,
    "top": 52.953,
    "name": "خوزستان"
  },
  {
    "id": 14,
    "left": 20,
    "top": 19.348,
    "name": "زنجان"
  },
  {
    "id": 15,
    "left": 50,
    "top": 27.495,
    "name": "سمنان"
  },
  {
    "id": 16,
    "left": 72.727,
    "top": 76.375,
    "name": "سیستان و بلوچستان"
  },
  {
    "id": 17,
    "left": 43.636,
    "top": 66.191,
    "name": "فارس"
  },
  {
    "id": 18,
    "left": 26.364,
    "top": 22.403,
    "name": "قزوین"
  },
  {
    "id": 19,
    "left": 34.545,
    "top": 31.568,
    "name": "قم"
  },
  {
    "id": 20,
    "left": 12.727,
    "top": 24.44,
    "name": "کردستان"
  },
  {
    "id": 21,
    "left": 63.636,
    "top": 63.136,
    "name": "کرمان"
  },
  {
    "id": 22,
    "left": 9.455,
    "top": 33.198,
    "name": "کرمانشاه"
  },
  {
    "id": 23,
    "left": 25.091,
    "top": 57.637,
    "name": "کهگیلویه و بویراحمد"
  },
  {
    "id": 24,
    "left": 50.909,
    "top": 16.293,
    "name": "گلستان"
  },
  {
    "id": 25,
    "left": 27.273,
    "top": 15.275,
    "name": "گیلان"
  },
  {
    "id": 26,
    "left": 19.091,
    "top": 39.715,
    "name": "لرستان"
  },
  {
    "id": 27,
    "left": 39.091,
    "top": 21.385,
    "name": "مازندران"
  },
  {
    "id": 28,
    "left": 26.364,
    "top": 33.605,
    "name": "مرکزی"
  },
  {
    "id": 29,
    "left": 58.182,
    "top": 77.393,
    "name": "هرمزگان"
  },
  {
    "id": 30,
    "left": 20.364,
    "top": 29.532,
    "name": "همدان"
  },
  {
    "id": 31,
    "left": 52.727,
    "top": 48.88,
    "name": "یزد"
  }
]